,Country Code,Country,Date,Blacklist
0,ASM,American Samoa,05-12-2017,True
1,ANG,Anguilla,05-12-2017,False
2,ATG,Antigua and Barbuda,05-12-2017,False
3,ABW,Aruba,05-12-2017,False
4,BHS,Bahamas,05-12-2017,False
5,BHR,Bahrain,05-12-2017,True
6,BRB,Barbados,05-12-2017,True
7,BLZ,Belize,05-12-2017,False
8,BMU,Bermuda,05-12-2017,False
9,VGB,British Virgin Islands,05-12-2017,False
10,CYM,Cayman Islands,05-12-2017,False
11,CRI,Costa Rica,05-12-2017,False
12,DMA,Dominica,05-12-2017,False
13,FJI,Fiji,05-12-2017,False
14,GRD,Grenada,05-12-2017,True
15,GUM,Guam,05-12-2017,True
16,MAC,Macau,05-12-2017,True
17,MHL,Marshall Islands,05-12-2017,True
18,MNG,Mongolia,05-12-2017,True
19,NAM,Namibia,05-12-2017,True
20,OMN,Oman,05-12-2017,False
21,PLW,Palau,05-12-2017,True
22,PAN,Panama,05-12-2017,True
23,RUS,Russia,05-12-2017,False
24,KNA,Saint Kitts and Nevis,05-12-2017,False
25,LCA,Saint Lucia,05-12-2017,True
26,WSM,Samoa,05-12-2017,True
27,SYC,Seychelles,05-12-2017,False
28,KOR,South Korea,05-12-2017,True
29,TTO,Trinidad and Tobago,05-12-2017,True
30,TUN,Tunisia,05-12-2017,True
31,TCA,Turks and Caicos Islands,05-12-2017,False
32,ARE,United Arab Emirates,05-12-2017,True
33,VUT,US Virgin Islands,05-12-2017,False
34,VIR,Vanuatu,05-12-2017,False
35,ASM,American Samoa,23-01-2018,True
36,ANG,Anguilla,23-01-2018,False
37,ATG,Antigua and Barbuda,23-01-2018,False
38,ABW,Aruba,23-01-2018,False
39,BHS,Bahamas,23-01-2018,False
40,BHR,Bahrain,23-01-2018,True
41,BRB,Barbados,23-01-2018,False
42,BLZ,Belize,23-01-2018,False
43,BMU,Bermuda,23-01-2018,False
44,VGB,British Virgin Islands,23-01-2018,False
45,CYM,Cayman Islands,23-01-2018,False
46,CRI,Costa Rica,23-01-2018,False
47,DMA,Dominica,23-01-2018,False
48,FJI,Fiji,23-01-2018,False
49,GRD,Grenada,23-01-2018,False
50,GUM,Guam,23-01-2018,True
51,MAC,Macau,23-01-2018,False
52,MHL,Marshall Islands,23-01-2018,True
53,MNG,Mongolia,23-01-2018,False
54,NAM,Namibia,23-01-2018,True
55,OMN,Oman,23-01-2018,False
56,PLW,Palau,23-01-2018,True
57,PAN,Panama,23-01-2018,False
58,RUS,Russia,23-01-2018,False
59,KNA,Saint Kitts and Nevis,23-01-2018,False
60,LCA,Saint Lucia,23-01-2018,True
61,WSM,Samoa,23-01-2018,True
62,SYC,Seychelles,23-01-2018,False
63,KOR,South Korea,23-01-2018,False
64,TTO,Trinidad and Tobago,23-01-2018,True
65,TUN,Tunisia,23-01-2018,False
66,TCA,Turks and Caicos Islands,23-01-2018,False
67,ARE,United Arab Emirates,23-01-2018,False
68,VUT,US Virgin Islands,23-01-2018,False
69,VIR,Vanuatu,23-01-2018,False
70,ASM,American Samoa,13-03-2018,True
71,ANG,Anguilla,13-03-2018,False
72,ATG,Antigua and Barbuda,13-03-2018,False
73,ABW,Aruba,13-03-2018,False
74,BHS,Bahamas,13-03-2018,True
75,BHR,Bahrain,13-03-2018,False
76,BRB,Barbados,13-03-2018,False
77,BLZ,Belize,13-03-2018,False
78,BMU,Bermuda,13-03-2018,False
79,VGB,British Virgin Islands,13-03-2018,False
80,CYM,Cayman Islands,13-03-2018,False
81,CRI,Costa Rica,13-03-2018,False
82,DMA,Dominica,13-03-2018,False
83,FJI,Fiji,13-03-2018,False
84,GRD,Grenada,13-03-2018,False
85,GUM,Guam,13-03-2018,True
86,MAC,Macau,13-03-2018,False
87,MHL,Marshall Islands,13-03-2018,False
88,MNG,Mongolia,13-03-2018,False
89,NAM,Namibia,13-03-2018,True
90,OMN,Oman,13-03-2018,False
91,PLW,Palau,13-03-2018,True
92,PAN,Panama,13-03-2018,False
93,RUS,Russia,13-03-2018,False
94,KNA,Saint Kitts and Nevis,13-03-2018,True
95,LCA,Saint Lucia,13-03-2018,False
96,WSM,Samoa,13-03-2018,True
97,SYC,Seychelles,13-03-2018,False
98,KOR,South Korea,13-03-2018,False
99,TTO,Trinidad and Tobago,13-03-2018,True
100,TUN,Tunisia,13-03-2018,False
101,TCA,Turks and Caicos Islands,13-03-2018,False
102,ARE,United Arab Emirates,13-03-2018,False
103,VUT,US Virgin Islands,13-03-2018,True
104,VIR,Vanuatu,13-03-2018,False
105,ASM,American Samoa,25-05-2018,True
106,ANG,Anguilla,25-05-2018,False
107,ATG,Antigua and Barbuda,25-05-2018,False
108,ABW,Aruba,25-05-2018,False
109,BHS,Bahamas,25-05-2018,False
110,BHR,Bahrain,25-05-2018,False
111,BRB,Barbados,25-05-2018,False
112,BLZ,Belize,25-05-2018,False
113,BMU,Bermuda,25-05-2018,False
114,VGB,British Virgin Islands,25-05-2018,False
115,CYM,Cayman Islands,25-05-2018,False
116,CRI,Costa Rica,25-05-2018,False
117,DMA,Dominica,25-05-2018,False
118,FJI,Fiji,25-05-2018,False
119,GRD,Grenada,25-05-2018,False
120,GUM,Guam,25-05-2018,True
121,MAC,Macau,25-05-2018,False
122,MHL,Marshall Islands,25-05-2018,False
123,MNG,Mongolia,25-05-2018,False
124,NAM,Namibia,25-05-2018,True
125,OMN,Oman,25-05-2018,False
126,PLW,Palau,25-05-2018,True
127,PAN,Panama,25-05-2018,False
128,RUS,Russia,25-05-2018,False
129,KNA,Saint Kitts and Nevis,25-05-2018,False
130,LCA,Saint Lucia,25-05-2018,False
131,WSM,Samoa,25-05-2018,True
132,SYC,Seychelles,25-05-2018,False
133,KOR,South Korea,25-05-2018,False
134,TTO,Trinidad and Tobago,25-05-2018,True
135,TUN,Tunisia,25-05-2018,False
136,TCA,Turks and Caicos Islands,25-05-2018,False
137,ARE,United Arab Emirates,25-05-2018,False
138,VUT,US Virgin Islands,25-05-2018,True
139,VIR,Vanuatu,25-05-2018,False
140,ASM,American Samoa,02-10-2018,True
141,ANG,Anguilla,02-10-2018,False
142,ATG,Antigua and Barbuda,02-10-2018,False
143,ABW,Aruba,02-10-2018,False
144,BHS,Bahamas,02-10-2018,False
145,BHR,Bahrain,02-10-2018,False
146,BRB,Barbados,02-10-2018,False
147,BLZ,Belize,02-10-2018,False
148,BMU,Bermuda,02-10-2018,False
149,VGB,British Virgin Islands,02-10-2018,False
150,CYM,Cayman Islands,02-10-2018,False
151,CRI,Costa Rica,02-10-2018,False
152,DMA,Dominica,02-10-2018,False
153,FJI,Fiji,02-10-2018,False
154,GRD,Grenada,02-10-2018,False
155,GUM,Guam,02-10-2018,True
156,MAC,Macau,02-10-2018,False
157,MHL,Marshall Islands,02-10-2018,False
158,MNG,Mongolia,02-10-2018,False
159,NAM,Namibia,02-10-2018,True
160,OMN,Oman,02-10-2018,False
161,PLW,Palau,02-10-2018,False
162,PAN,Panama,02-10-2018,False
163,RUS,Russia,02-10-2018,False
164,KNA,Saint Kitts and Nevis,02-10-2018,False
165,LCA,Saint Lucia,02-10-2018,False
166,WSM,Samoa,02-10-2018,True
167,SYC,Seychelles,02-10-2018,False
168,KOR,South Korea,02-10-2018,False
169,TTO,Trinidad and Tobago,02-10-2018,True
170,TUN,Tunisia,02-10-2018,False
171,TCA,Turks and Caicos Islands,02-10-2018,False
172,ARE,United Arab Emirates,02-10-2018,False
173,VUT,US Virgin Islands,02-10-2018,True
174,VIR,Vanuatu,02-10-2018,False
175,ASM,American Samoa,06-11-2018,True
176,ANG,Anguilla,06-11-2018,False
177,ATG,Antigua and Barbuda,06-11-2018,False
178,ABW,Aruba,06-11-2018,False
179,BHS,Bahamas,06-11-2018,False
180,BHR,Bahrain,06-11-2018,False
181,BRB,Barbados,06-11-2018,False
182,BLZ,Belize,06-11-2018,False
183,BMU,Bermuda,06-11-2018,False
184,VGB,British Virgin Islands,06-11-2018,False
185,CYM,Cayman Islands,06-11-2018,False
186,CRI,Costa Rica,06-11-2018,False
187,DMA,Dominica,06-11-2018,False
188,FJI,Fiji,06-11-2018,False
189,GRD,Grenada,06-11-2018,False
190,GUM,Guam,06-11-2018,True
191,MAC,Macau,06-11-2018,False
192,MHL,Marshall Islands,06-11-2018,False
193,MNG,Mongolia,06-11-2018,False
194,NAM,Namibia,06-11-2018,False
195,OMN,Oman,06-11-2018,False
196,PLW,Palau,06-11-2018,False
197,PAN,Panama,06-11-2018,False
198,RUS,Russia,06-11-2018,False
199,KNA,Saint Kitts and Nevis,06-11-2018,False
200,LCA,Saint Lucia,06-11-2018,False
201,WSM,Samoa,06-11-2018,True
202,SYC,Seychelles,06-11-2018,False
203,KOR,South Korea,06-11-2018,False
204,TTO,Trinidad and Tobago,06-11-2018,True
205,TUN,Tunisia,06-11-2018,False
206,TCA,Turks and Caicos Islands,06-11-2018,False
207,ARE,United Arab Emirates,06-11-2018,False
208,VUT,US Virgin Islands,06-11-2018,True
209,VIR,Vanuatu,06-11-2018,False
210,ASM,American Samoa,12-03-2019,True
211,ANG,Anguilla,12-03-2019,False
212,ATG,Antigua and Barbuda,12-03-2019,False
213,ABW,Aruba,12-03-2019,True
214,BHS,Bahamas,12-03-2019,False
215,BHR,Bahrain,12-03-2019,False
216,BRB,Barbados,12-03-2019,True
217,BLZ,Belize,12-03-2019,True
218,BMU,Bermuda,12-03-2019,True
219,VGB,British Virgin Islands,12-03-2019,False
220,CYM,Cayman Islands,12-03-2019,False
221,CRI,Costa Rica,12-03-2019,False
222,DMA,Dominica,12-03-2019,True
223,FJI,Fiji,12-03-2019,True
224,GRD,Grenada,12-03-2019,False
225,GUM,Guam,12-03-2019,True
226,MAC,Macau,12-03-2019,False
227,MHL,Marshall Islands,12-03-2019,True
228,MNG,Mongolia,12-03-2019,False
229,NAM,Namibia,12-03-2019,False
230,OMN,Oman,12-03-2019,True
231,PLW,Palau,12-03-2019,False
232,PAN,Panama,12-03-2019,False
233,RUS,Russia,12-03-2019,False
234,KNA,Saint Kitts and Nevis,12-03-2019,False
235,LCA,Saint Lucia,12-03-2019,False
236,WSM,Samoa,12-03-2019,True
237,SYC,Seychelles,12-03-2019,False
238,KOR,South Korea,12-03-2019,False
239,TTO,Trinidad and Tobago,12-03-2019,True
240,TUN,Tunisia,12-03-2019,False
241,TCA,Turks and Caicos Islands,12-03-2019,False
242,ARE,United Arab Emirates,12-03-2019,True
243,VUT,US Virgin Islands,12-03-2019,True
244,VIR,Vanuatu,12-03-2019,True
245,ASM,American Samoa,17-05-2019,True
246,ANG,Anguilla,17-05-2019,False
247,ATG,Antigua and Barbuda,17-05-2019,False
248,ABW,Aruba,17-05-2019,False
249,BHS,Bahamas,17-05-2019,False
250,BHR,Bahrain,17-05-2019,False
251,BRB,Barbados,17-05-2019,False
252,BLZ,Belize,17-05-2019,True
253,BMU,Bermuda,17-05-2019,False
254,VGB,British Virgin Islands,17-05-2019,False
255,CYM,Cayman Islands,17-05-2019,False
256,CRI,Costa Rica,17-05-2019,False
257,DMA,Dominica,17-05-2019,True
258,FJI,Fiji,17-05-2019,True
259,GRD,Grenada,17-05-2019,False
260,GUM,Guam,17-05-2019,True
261,MAC,Macau,17-05-2019,False
262,MHL,Marshall Islands,17-05-2019,True
263,MNG,Mongolia,17-05-2019,False
264,NAM,Namibia,17-05-2019,False
265,OMN,Oman,17-05-2019,True
266,PLW,Palau,17-05-2019,False
267,PAN,Panama,17-05-2019,False
268,RUS,Russia,17-05-2019,False
269,KNA,Saint Kitts and Nevis,17-05-2019,False
270,LCA,Saint Lucia,17-05-2019,False
271,WSM,Samoa,17-05-2019,True
272,SYC,Seychelles,17-05-2019,False
273,KOR,South Korea,17-05-2019,False
274,TTO,Trinidad and Tobago,17-05-2019,True
275,TUN,Tunisia,17-05-2019,False
276,TCA,Turks and Caicos Islands,17-05-2019,False
277,ARE,United Arab Emirates,17-05-2019,True
278,VUT,US Virgin Islands,17-05-2019,True
279,VIR,Vanuatu,17-05-2019,True
280,ASM,American Samoa,14-06-2019,True
281,ANG,Anguilla,14-06-2019,False
282,ATG,Antigua and Barbuda,14-06-2019,False
283,ABW,Aruba,14-06-2019,False
284,BHS,Bahamas,14-06-2019,False
285,BHR,Bahrain,14-06-2019,False
286,BRB,Barbados,14-06-2019,False
287,BLZ,Belize,14-06-2019,True
288,BMU,Bermuda,14-06-2019,False
289,VGB,British Virgin Islands,14-06-2019,False
290,CYM,Cayman Islands,14-06-2019,False
291,CRI,Costa Rica,14-06-2019,False
292,DMA,Dominica,14-06-2019,False
293,FJI,Fiji,14-06-2019,True
294,GRD,Grenada,14-06-2019,False
295,GUM,Guam,14-06-2019,True
296,MAC,Macau,14-06-2019,False
297,MHL,Marshall Islands,14-06-2019,True
298,MNG,Mongolia,14-06-2019,False
299,NAM,Namibia,14-06-2019,False
300,OMN,Oman,14-06-2019,True
301,PLW,Palau,14-06-2019,False
302,PAN,Panama,14-06-2019,False
303,RUS,Russia,14-06-2019,False
304,KNA,Saint Kitts and Nevis,14-06-2019,False
305,LCA,Saint Lucia,14-06-2019,False
306,WSM,Samoa,14-06-2019,True
307,SYC,Seychelles,14-06-2019,False
308,KOR,South Korea,14-06-2019,False
309,TTO,Trinidad and Tobago,14-06-2019,True
310,TUN,Tunisia,14-06-2019,False
311,TCA,Turks and Caicos Islands,14-06-2019,False
312,ARE,United Arab Emirates,14-06-2019,True
313,VUT,US Virgin Islands,14-06-2019,True
314,VIR,Vanuatu,14-06-2019,True
315,ASM,American Samoa,10-10-2019,True
316,ANG,Anguilla,10-10-2019,False
317,ATG,Antigua and Barbuda,10-10-2019,False
318,ABW,Aruba,10-10-2019,False
319,BHS,Bahamas,10-10-2019,False
320,BHR,Bahrain,10-10-2019,False
321,BRB,Barbados,10-10-2019,False
322,BLZ,Belize,10-10-2019,True
323,BMU,Bermuda,10-10-2019,False
324,VGB,British Virgin Islands,10-10-2019,False
325,CYM,Cayman Islands,10-10-2019,False
326,CRI,Costa Rica,10-10-2019,False
327,DMA,Dominica,10-10-2019,False
328,FJI,Fiji,10-10-2019,True
329,GRD,Grenada,10-10-2019,False
330,GUM,Guam,10-10-2019,True
331,MAC,Macau,10-10-2019,False
332,MHL,Marshall Islands,10-10-2019,False
333,MNG,Mongolia,10-10-2019,False
334,NAM,Namibia,10-10-2019,False
335,OMN,Oman,10-10-2019,True
336,PLW,Palau,10-10-2019,False
337,PAN,Panama,10-10-2019,False
338,RUS,Russia,10-10-2019,False
339,KNA,Saint Kitts and Nevis,10-10-2019,False
340,LCA,Saint Lucia,10-10-2019,False
341,WSM,Samoa,10-10-2019,True
342,SYC,Seychelles,10-10-2019,False
343,KOR,South Korea,10-10-2019,False
344,TTO,Trinidad and Tobago,10-10-2019,True
345,TUN,Tunisia,10-10-2019,False
346,TCA,Turks and Caicos Islands,10-10-2019,False
347,ARE,United Arab Emirates,10-10-2019,False
348,VUT,US Virgin Islands,10-10-2019,True
349,VIR,Vanuatu,10-10-2019,True
350,ASM,American Samoa,08-11-2019,True
351,ANG,Anguilla,08-11-2019,False
352,ATG,Antigua and Barbuda,08-11-2019,False
353,ABW,Aruba,08-11-2019,False
354,BHS,Bahamas,08-11-2019,False
355,BHR,Bahrain,08-11-2019,False
356,BRB,Barbados,08-11-2019,False
357,BLZ,Belize,08-11-2019,False
358,BMU,Bermuda,08-11-2019,False
359,VGB,British Virgin Islands,08-11-2019,False
360,CYM,Cayman Islands,08-11-2019,False
361,CRI,Costa Rica,08-11-2019,False
362,DMA,Dominica,08-11-2019,False
363,FJI,Fiji,08-11-2019,True
364,GRD,Grenada,08-11-2019,False
365,GUM,Guam,08-11-2019,True
366,MAC,Macau,08-11-2019,False
367,MHL,Marshall Islands,08-11-2019,False
368,MNG,Mongolia,08-11-2019,False
369,NAM,Namibia,08-11-2019,False
370,OMN,Oman,08-11-2019,True
371,PLW,Palau,08-11-2019,False
372,PAN,Panama,08-11-2019,False
373,RUS,Russia,08-11-2019,False
374,KNA,Saint Kitts and Nevis,08-11-2019,False
375,LCA,Saint Lucia,08-11-2019,False
376,WSM,Samoa,08-11-2019,True
377,SYC,Seychelles,08-11-2019,False
378,KOR,South Korea,08-11-2019,False
379,TTO,Trinidad and Tobago,08-11-2019,True
380,TUN,Tunisia,08-11-2019,False
381,TCA,Turks and Caicos Islands,08-11-2019,False
382,ARE,United Arab Emirates,08-11-2019,False
383,VUT,US Virgin Islands,08-11-2019,True
384,VIR,Vanuatu,08-11-2019,True
385,ASM,American Samoa,18-02-2020,True
386,ANG,Anguilla,18-02-2020,False
387,ATG,Antigua and Barbuda,18-02-2020,False
388,ABW,Aruba,18-02-2020,False
389,BHS,Bahamas,18-02-2020,False
390,BHR,Bahrain,18-02-2020,False
391,BRB,Barbados,18-02-2020,False
392,BLZ,Belize,18-02-2020,False
393,BMU,Bermuda,18-02-2020,False
394,VGB,British Virgin Islands,18-02-2020,False
395,CYM,Cayman Islands,18-02-2020,True
396,CRI,Costa Rica,18-02-2020,False
397,DMA,Dominica,18-02-2020,False
398,FJI,Fiji,18-02-2020,True
399,GRD,Grenada,18-02-2020,False
400,GUM,Guam,18-02-2020,True
401,MAC,Macau,18-02-2020,False
402,MHL,Marshall Islands,18-02-2020,False
403,MNG,Mongolia,18-02-2020,False
404,NAM,Namibia,18-02-2020,False
405,OMN,Oman,18-02-2020,True
406,PLW,Palau,18-02-2020,True
407,PAN,Panama,18-02-2020,True
408,RUS,Russia,18-02-2020,False
409,KNA,Saint Kitts and Nevis,18-02-2020,False
410,LCA,Saint Lucia,18-02-2020,False
411,WSM,Samoa,18-02-2020,True
412,SYC,Seychelles,18-02-2020,True
413,KOR,South Korea,18-02-2020,False
414,TTO,Trinidad and Tobago,18-02-2020,True
415,TUN,Tunisia,18-02-2020,False
416,TCA,Turks and Caicos Islands,18-02-2020,False
417,ARE,United Arab Emirates,18-02-2020,False
418,VUT,US Virgin Islands,18-02-2020,True
419,VIR,Vanuatu,18-02-2020,True
420,ASM,American Samoa,06-10-2020,True
421,ANG,Anguilla,06-10-2020,True
422,ATG,Antigua and Barbuda,06-10-2020,False
423,ABW,Aruba,06-10-2020,False
424,BHS,Bahamas,06-10-2020,False
425,BHR,Bahrain,06-10-2020,False
426,BRB,Barbados,06-10-2020,True
427,BLZ,Belize,06-10-2020,False
428,BMU,Bermuda,06-10-2020,False
429,VGB,British Virgin Islands,06-10-2020,False
430,CYM,Cayman Islands,06-10-2020,False
431,CRI,Costa Rica,06-10-2020,False
432,DMA,Dominica,06-10-2020,False
433,FJI,Fiji,06-10-2020,True
434,GRD,Grenada,06-10-2020,False
435,GUM,Guam,06-10-2020,True
436,MAC,Macau,06-10-2020,False
437,MHL,Marshall Islands,06-10-2020,False
438,MNG,Mongolia,06-10-2020,False
439,NAM,Namibia,06-10-2020,False
440,OMN,Oman,06-10-2020,False
441,PLW,Palau,06-10-2020,True
442,PAN,Panama,06-10-2020,True
443,RUS,Russia,06-10-2020,False
444,KNA,Saint Kitts and Nevis,06-10-2020,False
445,LCA,Saint Lucia,06-10-2020,False
446,WSM,Samoa,06-10-2020,True
447,SYC,Seychelles,06-10-2020,True
448,KOR,South Korea,06-10-2020,False
449,TTO,Trinidad and Tobago,06-10-2020,True
450,TUN,Tunisia,06-10-2020,False
451,TCA,Turks and Caicos Islands,06-10-2020,False
452,ARE,United Arab Emirates,06-10-2020,False
453,VUT,US Virgin Islands,06-10-2020,True
454,VIR,Vanuatu,06-10-2020,True
455,ASM,American Samoa,22-02-2021,True
456,ANG,Anguilla,22-02-2021,True
457,ATG,Antigua and Barbuda,22-02-2021,False
458,ABW,Aruba,22-02-2021,False
459,BHS,Bahamas,22-02-2021,False
460,BHR,Bahrain,22-02-2021,False
461,BRB,Barbados,22-02-2021,False
462,BLZ,Belize,22-02-2021,False
463,BMU,Bermuda,22-02-2021,False
464,VGB,British Virgin Islands,22-02-2021,False
465,CYM,Cayman Islands,22-02-2021,False
466,CRI,Costa Rica,22-02-2021,False
467,DMA,Dominica,22-02-2021,True
468,FJI,Fiji,22-02-2021,True
469,GRD,Grenada,22-02-2021,False
470,GUM,Guam,22-02-2021,True
471,MAC,Macau,22-02-2021,False
472,MHL,Marshall Islands,22-02-2021,False
473,MNG,Mongolia,22-02-2021,False
474,NAM,Namibia,22-02-2021,False
475,OMN,Oman,22-02-2021,False
476,PLW,Palau,22-02-2021,True
477,PAN,Panama,22-02-2021,True
478,RUS,Russia,22-02-2021,False
479,KNA,Saint Kitts and Nevis,22-02-2021,False
480,LCA,Saint Lucia,22-02-2021,False
481,WSM,Samoa,22-02-2021,True
482,SYC,Seychelles,22-02-2021,True
483,KOR,South Korea,22-02-2021,False
484,TTO,Trinidad and Tobago,22-02-2021,True
485,TUN,Tunisia,22-02-2021,False
486,TCA,Turks and Caicos Islands,22-02-2021,False
487,ARE,United Arab Emirates,22-02-2021,False
488,VUT,US Virgin Islands,22-02-2021,True
489,VIR,Vanuatu,22-02-2021,True
490,ASM,American Samoa,05-10-2021,True
491,ANG,Anguilla,05-10-2021,False
492,ATG,Antigua and Barbuda,05-10-2021,False
493,ABW,Aruba,05-10-2021,False
494,BHS,Bahamas,05-10-2021,False
495,BHR,Bahrain,05-10-2021,False
496,BRB,Barbados,05-10-2021,False
497,BLZ,Belize,05-10-2021,False
498,BMU,Bermuda,05-10-2021,False
499,VGB,British Virgin Islands,05-10-2021,False
500,CYM,Cayman Islands,05-10-2021,False
501,CRI,Costa Rica,05-10-2021,False
502,DMA,Dominica,05-10-2021,False
503,FJI,Fiji,05-10-2021,True
504,GRD,Grenada,05-10-2021,False
505,GUM,Guam,05-10-2021,True
506,MAC,Macau,05-10-2021,False
507,MHL,Marshall Islands,05-10-2021,False
508,MNG,Mongolia,05-10-2021,False
509,NAM,Namibia,05-10-2021,False
510,OMN,Oman,05-10-2021,False
511,PLW,Palau,05-10-2021,True
512,PAN,Panama,05-10-2021,True
513,RUS,Russia,05-10-2021,False
514,KNA,Saint Kitts and Nevis,05-10-2021,False
515,LCA,Saint Lucia,05-10-2021,False
516,WSM,Samoa,05-10-2021,True
517,SYC,Seychelles,05-10-2021,False
518,KOR,South Korea,05-10-2021,False
519,TTO,Trinidad and Tobago,05-10-2021,True
520,TUN,Tunisia,05-10-2021,False
521,TCA,Turks and Caicos Islands,05-10-2021,False
522,ARE,United Arab Emirates,05-10-2021,False
523,VUT,US Virgin Islands,05-10-2021,True
524,VIR,Vanuatu,05-10-2021,True
525,ASM,American Samoa,24-02-2022,True
526,ANG,Anguilla,24-02-2022,False
527,ATG,Antigua and Barbuda,24-02-2022,False
528,ABW,Aruba,24-02-2022,False
529,BHS,Bahamas,24-02-2022,False
530,BHR,Bahrain,24-02-2022,False
531,BRB,Barbados,24-02-2022,False
532,BLZ,Belize,24-02-2022,False
533,BMU,Bermuda,24-02-2022,False
534,VGB,British Virgin Islands,24-02-2022,False
535,CYM,Cayman Islands,24-02-2022,False
536,CRI,Costa Rica,24-02-2022,False
537,DMA,Dominica,24-02-2022,False
538,FJI,Fiji,24-02-2022,True
539,GRD,Grenada,24-02-2022,False
540,GUM,Guam,24-02-2022,True
541,MAC,Macau,24-02-2022,False
542,MHL,Marshall Islands,24-02-2022,False
543,MNG,Mongolia,24-02-2022,False
544,NAM,Namibia,24-02-2022,False
545,OMN,Oman,24-02-2022,False
546,PLW,Palau,24-02-2022,True
547,PAN,Panama,24-02-2022,True
548,RUS,Russia,24-02-2022,False
549,KNA,Saint Kitts and Nevis,24-02-2022,False
550,LCA,Saint Lucia,24-02-2022,False
551,WSM,Samoa,24-02-2022,True
552,SYC,Seychelles,24-02-2022,False
553,KOR,South Korea,24-02-2022,False
554,TTO,Trinidad and Tobago,24-02-2022,True
555,TUN,Tunisia,24-02-2022,False
556,TCA,Turks and Caicos Islands,24-02-2022,False
557,ARE,United Arab Emirates,24-02-2022,False
558,VUT,US Virgin Islands,24-02-2022,True
559,VIR,Vanuatu,24-02-2022,True
560,ASM,American Samoa,04-10-2022,True
561,ANG,Anguilla,04-10-2022,True
562,ATG,Antigua and Barbuda,04-10-2022,False
563,ABW,Aruba,04-10-2022,False
564,BHS,Bahamas,04-10-2022,True
565,BHR,Bahrain,04-10-2022,False
566,BRB,Barbados,04-10-2022,False
567,BLZ,Belize,04-10-2022,False
568,BMU,Bermuda,04-10-2022,False
569,VGB,British Virgin Islands,04-10-2022,False
570,CYM,Cayman Islands,04-10-2022,False
571,CRI,Costa Rica,04-10-2022,False
572,DMA,Dominica,04-10-2022,False
573,FJI,Fiji,04-10-2022,True
574,GRD,Grenada,04-10-2022,False
575,GUM,Guam,04-10-2022,True
576,MAC,Macau,04-10-2022,False
577,MHL,Marshall Islands,04-10-2022,False
578,MNG,Mongolia,04-10-2022,False
579,NAM,Namibia,04-10-2022,False
580,OMN,Oman,04-10-2022,False
581,PLW,Palau,04-10-2022,True
582,PAN,Panama,04-10-2022,True
583,RUS,Russia,04-10-2022,False
584,KNA,Saint Kitts and Nevis,04-10-2022,False
585,LCA,Saint Lucia,04-10-2022,False
586,WSM,Samoa,04-10-2022,True
587,SYC,Seychelles,04-10-2022,False
588,KOR,South Korea,04-10-2022,False
589,TTO,Trinidad and Tobago,04-10-2022,True
590,TUN,Tunisia,04-10-2022,False
591,TCA,Turks and Caicos Islands,04-10-2022,True
592,ARE,United Arab Emirates,04-10-2022,False
593,VUT,US Virgin Islands,04-10-2022,True
594,VIR,Vanuatu,04-10-2022,True
595,ASM,American Samoa,14-02-2023,True
596,ANG,Anguilla,14-02-2023,True
597,ATG,Antigua and Barbuda,14-02-2023,False
598,ABW,Aruba,14-02-2023,False
599,BHS,Bahamas,14-02-2023,True
600,BHR,Bahrain,14-02-2023,False
601,BRB,Barbados,14-02-2023,False
602,BLZ,Belize,14-02-2023,False
603,BMU,Bermuda,14-02-2023,False
604,VGB,British Virgin Islands,14-02-2023,True
605,CYM,Cayman Islands,14-02-2023,False
606,CRI,Costa Rica,14-02-2023,True
607,DMA,Dominica,14-02-2023,False
608,FJI,Fiji,14-02-2023,True
609,GRD,Grenada,14-02-2023,False
610,GUM,Guam,14-02-2023,True
611,MAC,Macau,14-02-2023,False
612,MHL,Marshall Islands,14-02-2023,True
613,MNG,Mongolia,14-02-2023,False
614,NAM,Namibia,14-02-2023,False
615,OMN,Oman,14-02-2023,False
616,PLW,Palau,14-02-2023,True
617,PAN,Panama,14-02-2023,True
618,RUS,Russia,14-02-2023,True
619,KNA,Saint Kitts and Nevis,14-02-2023,False
620,LCA,Saint Lucia,14-02-2023,False
621,WSM,Samoa,14-02-2023,True
622,SYC,Seychelles,14-02-2023,False
623,KOR,South Korea,14-02-2023,False
624,TTO,Trinidad and Tobago,14-02-2023,True
625,TUN,Tunisia,14-02-2023,False
626,TCA,Turks and Caicos Islands,14-02-2023,True
627,ARE,United Arab Emirates,14-02-2023,False
628,VUT,US Virgin Islands,14-02-2023,True
629,VIR,Vanuatu,14-02-2023,True
630,ASM,American Samoa,17-10-2023,True
631,ANG,Anguilla,17-10-2023,True
632,ATG,Antigua and Barbuda,17-10-2023,True
633,ABW,Aruba,17-10-2023,False
634,BHS,Bahamas,17-10-2023,True
635,BHR,Bahrain,17-10-2023,False
636,BRB,Barbados,17-10-2023,False
637,BLZ,Belize,17-10-2023,True
638,BMU,Bermuda,17-10-2023,False
639,VGB,British Virgin Islands,17-10-2023,False
640,CYM,Cayman Islands,17-10-2023,False
641,CRI,Costa Rica,17-10-2023,False
642,DMA,Dominica,17-10-2023,False
643,FJI,Fiji,17-10-2023,True
644,GRD,Grenada,17-10-2023,False
645,GUM,Guam,17-10-2023,True
646,MAC,Macau,17-10-2023,False
647,MHL,Marshall Islands,17-10-2023,False
648,MNG,Mongolia,17-10-2023,False
649,NAM,Namibia,17-10-2023,False
650,OMN,Oman,17-10-2023,False
651,PLW,Palau,17-10-2023,True
652,PAN,Panama,17-10-2023,True
653,RUS,Russia,17-10-2023,True
654,KNA,Saint Kitts and Nevis,17-10-2023,False
655,LCA,Saint Lucia,17-10-2023,False
656,WSM,Samoa,17-10-2023,True
657,SYC,Seychelles,17-10-2023,True
658,KOR,South Korea,17-10-2023,False
659,TTO,Trinidad and Tobago,17-10-2023,True
660,TUN,Tunisia,17-10-2023,False
661,TCA,Turks and Caicos Islands,17-10-2023,True
662,ARE,United Arab Emirates,17-10-2023,False
663,VUT,US Virgin Islands,17-10-2023,True
664,VIR,Vanuatu,17-10-2023,True
665,ASM,American Samoa,20-02-2024,True
666,ANG,Anguilla,20-02-2024,True
667,ATG,Antigua and Barbuda,20-02-2024,True
668,ABW,Aruba,20-02-2024,False
669,BHS,Bahamas,20-02-2024,False
670,BHR,Bahrain,20-02-2024,False
671,BRB,Barbados,20-02-2024,False
672,BLZ,Belize,20-02-2024,False
673,BMU,Bermuda,20-02-2024,False
674,VGB,British Virgin Islands,20-02-2024,False
675,CYM,Cayman Islands,20-02-2024,False
676,CRI,Costa Rica,20-02-2024,False
677,DMA,Dominica,20-02-2024,False
678,FJI,Fiji,20-02-2024,True
679,GRD,Grenada,20-02-2024,False
680,GUM,Guam,20-02-2024,True
681,MAC,Macau,20-02-2024,False
682,MHL,Marshall Islands,20-02-2024,False
683,MNG,Mongolia,20-02-2024,False
684,NAM,Namibia,20-02-2024,False
685,OMN,Oman,20-02-2024,False
686,PLW,Palau,20-02-2024,True
687,PAN,Panama,20-02-2024,True
688,RUS,Russia,20-02-2024,True
689,KNA,Saint Kitts and Nevis,20-02-2024,False
690,LCA,Saint Lucia,20-02-2024,False
691,WSM,Samoa,20-02-2024,True
692,SYC,Seychelles,20-02-2024,False
693,KOR,South Korea,20-02-2024,False
694,TTO,Trinidad and Tobago,20-02-2024,True
695,TUN,Tunisia,20-02-2024,False
696,TCA,Turks and Caicos Islands,20-02-2024,False
697,ARE,United Arab Emirates,20-02-2024,False
698,VUT,US Virgin Islands,20-02-2024,True
699,VIR,Vanuatu,20-02-2024,True
700,ASM,American Samoa,08-10-2024,True
701,ANG,Anguilla,08-10-2024,True
702,ATG,Antigua and Barbuda,08-10-2024,False
703,ABW,Aruba,08-10-2024,False
704,BHS,Bahamas,08-10-2024,False
705,BHR,Bahrain,08-10-2024,False
706,BRB,Barbados,08-10-2024,False
707,BLZ,Belize,08-10-2024,False
708,BMU,Bermuda,08-10-2024,False
709,VGB,British Virgin Islands,08-10-2024,False
710,CYM,Cayman Islands,08-10-2024,False
711,CRI,Costa Rica,08-10-2024,False
712,DMA,Dominica,08-10-2024,False
713,FJI,Fiji,08-10-2024,True
714,GRD,Grenada,08-10-2024,False
715,GUM,Guam,08-10-2024,True
716,MAC,Macau,08-10-2024,False
717,MHL,Marshall Islands,08-10-2024,False
718,MNG,Mongolia,08-10-2024,False
719,NAM,Namibia,08-10-2024,False
720,OMN,Oman,08-10-2024,False
721,PLW,Palau,08-10-2024,True
722,PAN,Panama,08-10-2024,True
723,RUS,Russia,08-10-2024,True
724,KNA,Saint Kitts and Nevis,08-10-2024,False
725,LCA,Saint Lucia,08-10-2024,False
726,WSM,Samoa,08-10-2024,True
727,SYC,Seychelles,08-10-2024,False
728,KOR,South Korea,08-10-2024,False
729,TTO,Trinidad and Tobago,08-10-2024,True
730,TUN,Tunisia,08-10-2024,False
731,TCA,Turks and Caicos Islands,08-10-2024,False
732,ARE,United Arab Emirates,08-10-2024,False
733,VUT,US Virgin Islands,08-10-2024,True
734,VIR,Vanuatu,08-10-2024,True
